|,33
(,27
),25
',19
-,17
],17
[,16
!,14
의,13
",",13
THE,12
이,12
.,11
OFFICIAL,11
TRAILER,11
1,10
:,9
을,8
3,8
MV,7
OF,7
’,6
2022,6
가,6
VS,6
2,6
‘,5
FOREVER,5
"""",5
만,5
...,5
TEASER,5
#SHORTS,5
게임,5
고,5
4,5
예고편,5
/,4
에서,4
에,4
X,4
대,4
게,4
한,4
BLACK,4
HD,4
BLACKPINK,3
M,3
V,3
WHISPER,3
원,3
온,3
YOU,3
는,3
상대,3
하는,3
와,3
장,3
레이드,3
장인,3
?,3
ㅋㅋㅋㅋㅋ,3
ㅋㅋㅋ,3
100,3
자,3
까지,3
됐다,3
MOVIE,3
PINK,2
VENOM,2
BOYZ,2
더보이즈,2
CLIP,2
ONLY,2
BY,2
눈,2
담,2
ME,2
LOVE,2
해줘,2
FROM,2
너,2
AND,2
FEAT,2
오,2
ㄷㄷ,2
..,2
..?,2
?!,2
좀비,2
세계,2
군단,2
일,2
리아,2
칸,2
중국,2
친구,2
만에,2
진짜,2
공포,2
물총,2
들,2
리뷰,2
거,2
트,2
아,2
단,2
법,2
전설,2
자시안,2
마젠타,2
포켓몬,2
22.08,2
TV,2
러,2
문,2
교육,2
다,2
ㅋㅋ,2
과,2
블럭,2
더,2
피카츄,2
!!,2
#,2
안,2
태경,2
공조,2
티저,2
쉬,2
헐크,2
+,2
위기,2
차,2
PANTHER,2
WAKANDA,2
PREM,2
GEET,2
PRADEEP,2
KHADKA,2
KRISTINA,2
공식,2
NEW,2
DHIRAJ,2
RINGS,2
ADAM,2
ATTENTION,1
HYPE,1
BOY,1
GIRLS,1
GENERATION,1
소녀시대,1
LIM,1
YOUNG,1
WOONG,1
FAATHER,1
MAKING,1
FILM,1
NEWJEANS,1
뉴진스,1
COOKIE,1
DANCE,1
PRACTICE,1
IU,1
STRAWBERRY,1
MOON,1
CONCERT,1
PREVIEW,1
STATION,1
NCT,1
LAB,1
JAEHYUN,1
재현,1
GHOSTING,1
PROD,1
CODE,1
KUNST,1
WHEN,1
I,1
CLOSE,1
MY,1
EYES,1
감으면,1
영,1
탁,1
YOUNGTAK,1
WALL,1
)',1
STAGE,1
@KSPO,1
DOME,1
220731,1
SMARTPHONE,1
BAD,1
DECISIONS,1
BYE,1
RING,1
BACK,1
TONE,1
통화연결음,1
카타콤,1
0,1
열,1
캠,1
이승윤,1
빗,1
속,1
@,1
하이,1
힐링,1
콘서트,1
☔️,1
앤,1
오프,1
ONF,1
)_,1
YOUR,1
SONG,1
TELL,1
사랑,1
한다고,1
말,1
DAWN,1
CALL,1
새벽,1
걸려,1
전화,1
COLD,1
WORLD,1
망해,1
간다,1
니까,1
PUBG,1
MOBILE,1
READY,1
FOR,1
MESSING,1
AROUND,1
TALKING,1
SHIT,1
AGAIN,1
"!""",1
STORY,1
PRESIDENT,1
REPUBLIC,1
KOREA,1
LUCY,1
놀이,1
PLAY,1
ENG,1
JPN,1
SUB,1
김승민,1
DRIVIN,1
래,1
LAYONE,1
"),",1
BIG,1
NAUGHTY,1
DF,1
LIVE,1
TIMELESS,1
LUCKY,1
LIKE,1
THAT,1
나,1
혼자,1
힘드네,1
넥서스,1
앞,1
여유,1
있게,1
텔타,1
챔피언,1
커뮤니티,1
논란중,1
인,1
빡쳐서,1
페이커,1
언급,1
승률,1
80%,1
닐라,1
비밀,1
롤,1
감스트,1
칼,1
챔,1
피오라,1
시작,1
LOL,1
내,1
원하는,1
모습,1
으로,1
자라는,1
반려,1
식물,1
치료,1
포션,1
개발,1
성공,1
멸망한,1
살아남은,1
타키,1
포오,1
캐릭,1
마크,1
애니,1
LOST,1
ARK,1
COMMANDER,1
RAID,1
ILLIAKAN,1
제드,1
과의,1
서버,1
에서의,1
진검,1
승부,1
박지성,1
ZD,1
안된다고요,1
홍구,1
한테,1
복수,1
하려고,1
초,1
고수,1
를,1
데려온,1
그냥,1
허세인줄만,1
알았는데,1
쌍둥이,1
포탑,1
20초,1
파괴,1
나서스,1
이번,1
금카팩,1
현실,1
지,1
코그모,1
출신,1
입니다,1
일진,1
다리우스,1
어딘가,1
조금,1
이상한,1
물,1
총,1
맞지,1
병맛,1
겜브링,1
GGAMBRING,1
발,1
로란,1
티어,1
맞추기,1
사이트,1
주작,1
이야,1
전세계,1
2%,1
풀수있는,1
관찰,1
력,1
ㅋㅋㅋㅋ,1
한판,1
도,1
안지,1
전승,1
우승,1
가능케,1
기적,1
덱,1
운영,1
KA,1
52,1
ALLIGATORS,1
SHOT,1
DOWN,1
FIM,1
92,1
F,1
STINGER,1
MISSILES,1
SYSTEM,1
E,1
54,1
ARMA,1
MILSIM,1
쯔꾸르,1
이래서,1
했는데,1
꿀잼,1
이라,1
편집,1
1시간,1
넘음,1
;,1
태극기,1
만들어서,1
게양,1
하기,1
℃,1
기아,1
KT,1
5,1
하이라이트,1
08.18,1
LCK,1
서머,1
플레이오프,1
R,1
8,1
세대,1
포고,1
에도,1
나타났다,1
결승,1
걸음,1
남았다,1
19-3,1
8년,1
환,1
학살,1
쇼,1
창,1
노사,1
구,1
구덕,1
편,1
새로운,1
패치,1
되었습니다,1
그런데,1
맞는,1
방향,1
인가,1
..??,1
혼란,1
스럽군요,1
20220817,1
무릎,1
철권,1
바,1
이락,1
타르,1
드론,1
노획,1
사기,1
극,1
국제,1
행사,1
ㄱㅐ,1
망신,1
퍼레이드,1
것,1
은,1
상위,1
1%,1
맞출수,1
있습니다,1
상호,1
야,1
방탄,1
두,1
금,1
카야,1
피파,1
괴물,1
피해,1
개,1
탈출,1
하라,1
클릭,1
방,1
터뜨리기,1
입터,1
유저,1
참,1
해주기,1
┑,1
￣Д,1
￣,1
┍,1
하,1
암,1
~,1
ㅋ,1
KAI,1
SA,1
HOW,1
DARE,1
!(,1
GUMAYUSI,1
똑같은,1
컨텐츠,1
아닙니다,1
팡,1
이요,1
메이플스토리,1
상황,1
역전,1
미드,1
에코,1
미친,1
피지,1
컬,1
;;,1
스카웃,1
보자마자,1
뒤집혀,1
버린,1
1년,1
기다렸다,1
드디어,1
나온,1
!!!!,1
킹,1
피스,1
할,1
때,1
옛날,1
요즘,1
차이,1
『,1
지구,1
스카이,1
』,1
엔,1
드래곤,1
잡으라고,1
!?,1
마인크래프트,1
냉혹한,1
닉네임,1
떴다,1
!??,1
근데,1
하필,1
역,1
ㅜㅜㅋㅋㅋㅋ,1
챔피언십,1
잡기,1
!!!(,1
31,1
화,1
역대,1
급,1
몰입,1
감,1
얘,1
제발,1
'!!!,1
사라,1
배,1
대학,1
대전,1
강,1
무친대,1
츠나대,1
부,1
18,1
맥,1
철,1
20회,1
역갱,1
오면,1
무조건,1
이기는데,1
정글,1
봐줘서,1
답답해요,1
자동차,1
뿌셔버려,1
요,1
탁주,1
쪼꼬,1
몰래,1
인물,1
된,1
쁘허,1
현질,1
하러,1
들어온,1
지금,1
펫들,1
과는,1
다른,1
퀄리티,1
COLLECT,1
ALL,1
PETS,1
!)[,1
로,1
블록,1
스,1
오랜,1
외쳐,1
보는,1
저지,1
불가,1
현,1
질러,1
무,1
과금,1
누가,1
잘,1
하는지,1
벌칙,1
자존심,1
걸린,1
카트,1
대결,1
세상,1
모든,1
곳,1
아는,1
사람,1
올,1
추석,1
이즈,1
백,1
인터,1
내셔,1
날,1
살아가는,1
알려줄게,1
변호사,1
8월,1
18일,1
단독,1
공개,1
디즈니,1
수리남,1
넷플릭스,1
권상우,1
온다,1
웨이브,1
리지,1
널,1
MARVEL,1
STUDIOS,1
HINDI,1
IN,1
CINEMAS,1
23,1
RD,1
SEPTEMBER,1
헌트,1
BABARI,1
NEPALI,1
FT,1
MAGAR,1
ADITI,1
BUDHATHOKI,1
NADKAR,1
JOHN,1
WICK,1
CHAPTER,1
KEANU,1
REEVES,1
DONNIE,1
YEN,1
COMIC,1
CON,1
혁명,1
다가온다,1
「,1
스타워즈,1
도르,1
」,1
메인,1
한글,1
자막,1
GURUNG,1
SANTOSH,1
SEN,1
SHIVA,1
SHRESTHA,1
BLONDE,1
WRITER,1
DIRECTOR,1
ANDREW,1
DOMINIK,1
NETFLIX,1
IRON,1
MAN,1
DISNEY,1
CONCEPT,1
ROBERT,1
DOWNEY,1
JR,1
".,",1
KATHERINE,1
LANGFORD,1
TOM,1
HOLLAND,1
PEARL,1
A,1
24,1
SHAZAM,1
FURY,1
GODS,1
HOUSE,1
DRAGON,1
HBO,1
MAX,1
DEVOTION,1
LORD,1
POWER,1
SDCC,1
DUNGEONS,1
&,1
DRAGONS,1
HONOR,1
AMONG,1
THIEVES,1
2023,1
映画『,1
HIGH,1
＆,1
LOW,1
WORST,1
』本予告【,1
9.9,1
（,1
FRI,1
）,1
ROADSHOW,1
】,1
JUSTICE,1
SOCIETY,1
MINUTE,1
TRAILERS,1
K,1
ULTRA,1
